ID,NAME,EMAIL,PHONE
1,manish,manish1@test.com,905001
2,aniket,aniket2@test.com,905002
3,saif,saif3@test.com,905003
4,om,om4@test.com,905004
5,ram,ram5@test.com,905005
6,divesh,divesh6@test.com,905006
7,pravin,pravin7@test.com,905007
8,rahul,rahul8@test.com,905008
9,amit,amit9@test.com,905009
10,sneha,sneha10@test.com,905010
11,pooja,pooja11@test.com,905011
12,rohit,rohit12@test.com,905012
13,kiran,kiran13@test.com,905013
14,ajay,ajay14@test.com,905014
15,vikas,vikas15@test.com,905015
16,neha,neha16@test.com,905016
17,sumit,sumit17@test.com,905017
18,deepak,deepak18@test.com,905018
19,ravi,ravi19@test.com,905019
20,karan,karan20@test.com,905020
21,nitin,nitin21@test.com,905021
22,arjun,arjun22@test.com,905022
23,meena,meena23@test.com,905023
24,tina,tina24@test.com,905024
25,sachin,sachin25@test.com,905025
26,anil,anil26@test.com,905026
27,varun,varun27@test.com,905027
28,tarun,tarun28@test.com,905028
29,riya,riya29@test.com,905029
30,komal,komal30@test.com,905030
31,ashok,ashok31@test.com,905031
32,gaurav,gaurav32@test.com,905032
33,pankaj,pankaj33@test.com,905033
34,manoj,manoj34@test.com,905034
35,vinay,vinay35@test.com,905035
36,alok,alok36@test.com,905036
37,harsh,harsh37@test.com,905037
38,naveen,naveen38@test.com,905038
39,mukesh,mukesh39@test.com,905039